{
  "man utd": "Manchester United",
  "manchester utd": "Manchester United",
  "man united": "Manchester United",
  "manchester united": "Manchester United",
  "man city": "Manchester City",
  "manchester city": "Manchester City",
  "arsenal": "Arsenal",
  "arsenal fc": "Arsenal",
  "tottenham": "Tottenham Hotspur",
  "tottenham hotspur": "Tottenham Hotspur",
  "spurs": "Tottenham Hotspur",
  "chelsea": "Chelsea",
  "chelsea fc": "Chelsea",
  "liverpool": "Liverpool",
  "liverpool fc": "Liverpool",
  "real madrid": "Real Madrid",
  "real": "Real Madrid",
  "barcelona": "FC Barcelona",
  "fc barcelona": "FC Barcelona",
  "barça": "FC Barcelona",
  "barca": "FC Barcelona",
  "bayern": "Bayern München",
  "bayern munich": "Bayern München",
  "fc bayern": "Bayern München",
  "fc bayern munich": "Bayern München",
  "borussia dortmund": "Borussia Dortmund",
  "dortmund": "Borussia Dortmund",
  "bvb": "Borussia Dortmund",
  "paris saint-germain": "Paris Saint-Germain",
  "psg": "Paris Saint-Germain",
  "inter": "Inter",
  "inter milan": "Inter",
  "internazionale": "Inter",
  "ac milan": "AC Milan",
  "milan": "AC Milan",
  "juventus": "Juventus",
  "juve": "Juventus",
  "atletico madrid": "Atlético Madrid",
  "atlético madrid": "Atlético Madrid",
  "atletico": "Atlético Madrid",
  "napoli": "Napoli",
  "ssc napoli": "Napoli",
  "roma": "AS Roma",
  "as roma": "AS Roma",
  "benfica": "SL Benfica",
  "sl benfica": "SL Benfica",
  "porto": "FC Porto",
  "fc porto": "FC Porto",
  "ajax": "Ajax",
  "afc ajax": "Ajax",
  "shakhtar": "Shakhtar Donetsk",
  "shakhtar donetsk": "Shakhtar Donetsk",
  "shakhter donetsk": "Shakhtar Donetsk",
  "dynamo kyiv": "Dynamo Kyiv",
  "dinamo kiev": "Dynamo Kyiv",
  "fc dynamo kyiv": "Dynamo Kyiv",
  "sc dnipro-1": "SC Dnipro-1",
  "dnipro-1": "SC Dnipro-1",
  "sk dnipro-1": "SC Dnipro-1",
  "zorya": "Zorya Luhansk",
  "zorya luhansk": "Zorya Luhansk",
  "zarya lugansk": "Zorya Luhansk",
  "metalist": "Metalist Kharkiv",
  "metalist 1925": "Metalist 1925 Kharkiv",
  "oleksandriya": "FC Oleksandriya",
  "fk oleksandriya": "FC Oleksandriya",
  "poland": "Poland",
  "poland u21": "Poland U21",
  "poland u19": "Poland U19",
  "ukraine": "Ukraine",
  "ukraine u21": "Ukraine U21",
  "ukraine u-21": "Ukraine U21",
  "ukraine u19": "Ukraine U19",
  "ukraine u-19": "Ukraine U19"
}
